{"cameraMode":{"drawMode":0,"name":"Shaded","section":"Shading Mode"},"sceneLighting":true,"audioPlay":false,"sceneViewState":{"m_AlwaysRefresh":true,"showFog":true,"showSkybox":true,"showFlares":false,"showImageEffects":true,"showParticleSystems":true,"showVisualEffectGraphs":true,"m_FxEnabled":true},"in2DMode":false,"pivot":{"x":-39.854766845703128,"y":-0.38104039430618288,"z":2.119579792022705},"rotation":{"x":-0.01753445342183113,"y":0.5893256664276123,"z":-0.012625188566744328,"w":-0.8077697157859802},"size":10.534287452697754,"orthographic":false}