{"cameraMode":{"drawMode":0,"name":"Shaded","section":"Shading Mode"},"sceneLighting":true,"audioPlay":false,"sceneViewState":{"m_AlwaysRefresh":true,"showFog":true,"showSkybox":true,"showFlares":false,"showImageEffects":true,"showParticleSystems":true,"showVisualEffectGraphs":true,"m_FxEnabled":true},"in2DMode":false,"pivot":{"x":-2.5743415355682375,"y":-0.3776762783527374,"z":6.1105780601501469},"rotation":{"x":-0.24375669658184052,"y":-0.11866609752178192,"z":0.030051594600081445,"w":-0.9622281789779663},"size":2.7705554962158205,"orthographic":false}