{"cameraMode":{"drawMode":0,"name":"Shaded","section":"Shading Mode"},"sceneLighting":true,"audioPlay":false,"sceneViewState":{"m_AlwaysRefresh":true,"showFog":true,"showSkybox":true,"showFlares":false,"showImageEffects":true,"showParticleSystems":true,"showVisualEffectGraphs":true,"m_FxEnabled":true},"in2DMode":false,"pivot":{"x":-36.538604736328128,"y":-30.760650634765626,"z":119.835205078125},"rotation":{"x":-0.13574959337711335,"y":0.11744080483913422,"z":-0.016042659059166909,"w":-0.9837608337402344},"size":725.3295288085938,"orthographic":false}